case_id,outer_fold,split
BraTS2021_00002,0,train
BraTS2021_00003,0,train
BraTS2021_00016,0,train
BraTS2021_00018,0,train
BraTS2021_00020,0,train
BraTS2021_00028,0,train
BraTS2021_00035,0,train
BraTS2021_00045,0,train
BraTS2021_00046,0,train
BraTS2021_00053,0,train
BraTS2021_00054,0,train
BraTS2021_00063,0,train
BraTS2021_00066,0,train
BraTS2021_00070,0,train
BraTS2021_00077,0,train
BraTS2021_00085,0,train
BraTS2021_00094,0,train
BraTS2021_00100,0,train
BraTS2021_00103,0,train
BraTS2021_00112,0,train
BraTS2021_00115,0,train
BraTS2021_00117,0,train
BraTS2021_00118,0,train
BraTS2021_00132,0,train
BraTS2021_00136,0,train
BraTS2021_00139,0,train
BraTS2021_00151,0,train
BraTS2021_00152,0,train
BraTS2021_00158,0,train
BraTS2021_00170,0,train
BraTS2021_00178,0,train
BraTS2021_00183,0,train
BraTS2021_00185,0,train
BraTS2021_00186,0,train
BraTS2021_00191,0,train
BraTS2021_00192,0,train
BraTS2021_00201,0,train
BraTS2021_00203,0,train
BraTS2021_00207,0,train
BraTS2021_00209,0,train
BraTS2021_00212,0,train
BraTS2021_00214,0,train
BraTS2021_00222,0,train
BraTS2021_00241,0,train
BraTS2021_00243,0,train
BraTS2021_00253,0,train
BraTS2021_00254,0,train
BraTS2021_00262,0,train
BraTS2021_00263,0,train
BraTS2021_00266,0,train
BraTS2021_00280,0,train
BraTS2021_00282,0,train
BraTS2021_00283,0,train
BraTS2021_00289,0,train
BraTS2021_00300,0,train
BraTS2021_00310,0,train
BraTS2021_00312,0,train
BraTS2021_00327,0,train
BraTS2021_00331,0,train
BraTS2021_00332,0,train
BraTS2021_00339,0,train
BraTS2021_00341,0,train
BraTS2021_00343,0,train
BraTS2021_00348,0,train
BraTS2021_00350,0,train
BraTS2021_00352,0,train
BraTS2021_00353,0,train
BraTS2021_00373,0,train
BraTS2021_00387,0,train
BraTS2021_00407,0,train
BraTS2021_00418,0,train
BraTS2021_00430,0,train
BraTS2021_00431,0,train
BraTS2021_00432,0,train
BraTS2021_00433,0,train
BraTS2021_00443,0,train
BraTS2021_00454,0,train
BraTS2021_00457,0,train
BraTS2021_00464,0,train
BraTS2021_00468,0,train
BraTS2021_00472,0,train
BraTS2021_00495,0,train
BraTS2021_00499,0,train
BraTS2021_00506,0,train
BraTS2021_00510,0,train
BraTS2021_00518,0,train
BraTS2021_00524,0,train
BraTS2021_00526,0,train
BraTS2021_00528,0,train
BraTS2021_00532,0,train
BraTS2021_00544,0,train
BraTS2021_00545,0,train
BraTS2021_00555,0,train
BraTS2021_00565,0,train
BraTS2021_00578,0,train
BraTS2021_00593,0,train
BraTS2021_00594,0,train
BraTS2021_00596,0,train
BraTS2021_00604,0,train
BraTS2021_00608,0,train
BraTS2021_00612,0,train
BraTS2021_00613,0,train
BraTS2021_00624,0,train
BraTS2021_00630,0,train
BraTS2021_00640,0,train
BraTS2021_00642,0,train
BraTS2021_00646,0,train
BraTS2021_00652,0,train
BraTS2021_00655,0,train
BraTS2021_00659,0,train
BraTS2021_00675,0,train
BraTS2021_00676,0,train
BraTS2021_00679,0,train
BraTS2021_00680,0,train
BraTS2021_00683,0,train
BraTS2021_00687,0,train
BraTS2021_00698,0,train
BraTS2021_00708,0,train
BraTS2021_00731,0,train
BraTS2021_00734,0,train
BraTS2021_00759,0,train
BraTS2021_00772,0,train
BraTS2021_00778,0,train
BraTS2021_00780,0,train
BraTS2021_00782,0,train
BraTS2021_00789,0,train
BraTS2021_00791,0,train
BraTS2021_00793,0,train
BraTS2021_00796,0,train
BraTS2021_00802,0,train
BraTS2021_00823,0,train
BraTS2021_00838,0,train
BraTS2021_00839,0,train
BraTS2021_01000,0,train
BraTS2021_01001,0,train
BraTS2021_01012,0,train
BraTS2021_01014,0,train
BraTS2021_01015,0,train
BraTS2021_01022,0,train
BraTS2021_01023,0,train
BraTS2021_01024,0,train
BraTS2021_01026,0,train
BraTS2021_01028,0,train
BraTS2021_01034,0,train
BraTS2021_01035,0,train
BraTS2021_01041,0,train
BraTS2021_01042,0,train
BraTS2021_01043,0,train
BraTS2021_01046,0,train
BraTS2021_01047,0,train
BraTS2021_01050,0,train
BraTS2021_01052,0,train
BraTS2021_01062,0,train
BraTS2021_01063,0,train
BraTS2021_01071,0,train
BraTS2021_01075,0,train
BraTS2021_01078,0,train
BraTS2021_01079,0,train
BraTS2021_01082,0,train
BraTS2021_01084,0,train
BraTS2021_01089,0,train
BraTS2021_01090,0,train
BraTS2021_01098,0,train
BraTS2021_01099,0,train
BraTS2021_01100,0,train
BraTS2021_01101,0,train
BraTS2021_01102,0,train
BraTS2021_01107,0,train
BraTS2021_01108,0,train
BraTS2021_01110,0,train
BraTS2021_01113,0,train
BraTS2021_01130,0,train
BraTS2021_01133,0,train
BraTS2021_01135,0,train
BraTS2021_01144,0,train
BraTS2021_01145,0,train
BraTS2021_01147,0,train
BraTS2021_01150,0,train
BraTS2021_01152,0,train
BraTS2021_01153,0,train
BraTS2021_01154,0,train
BraTS2021_01156,0,train
BraTS2021_01163,0,train
BraTS2021_01173,0,train
BraTS2021_01174,0,train
BraTS2021_01183,0,train
BraTS2021_01190,0,train
BraTS2021_01192,0,train
BraTS2021_01193,0,train
BraTS2021_01198,0,train
BraTS2021_01200,0,train
BraTS2021_01206,0,train
BraTS2021_01207,0,train
BraTS2021_01210,0,train
BraTS2021_01216,0,train
BraTS2021_01220,0,train
BraTS2021_01227,0,train
BraTS2021_01229,0,train
BraTS2021_01230,0,train
BraTS2021_01239,0,train
BraTS2021_01241,0,train
BraTS2021_01243,0,train
BraTS2021_01251,0,train
BraTS2021_01257,0,train
BraTS2021_01258,0,train
BraTS2021_01273,0,train
BraTS2021_01275,0,train
BraTS2021_01276,0,train
BraTS2021_01281,0,train
BraTS2021_01297,0,train
BraTS2021_01303,0,train
BraTS2021_01307,0,train
BraTS2021_01312,0,train
BraTS2021_01313,0,train
BraTS2021_01314,0,train
BraTS2021_01317,0,train
BraTS2021_01320,0,train
BraTS2021_01327,0,train
BraTS2021_01334,0,train
BraTS2021_01336,0,train
BraTS2021_01343,0,train
BraTS2021_01347,0,train
BraTS2021_01350,0,train
BraTS2021_01362,0,train
BraTS2021_01363,0,train
BraTS2021_01366,0,train
BraTS2021_01370,0,train
BraTS2021_01374,0,train
BraTS2021_01381,0,train
BraTS2021_01387,0,train
BraTS2021_01391,0,train
BraTS2021_01396,0,train
BraTS2021_01397,0,train
BraTS2021_01406,0,train
BraTS2021_01409,0,train
BraTS2021_01413,0,train
BraTS2021_01415,0,train
BraTS2021_01419,0,train
BraTS2021_01421,0,train
BraTS2021_01422,0,train
BraTS2021_01426,0,train
BraTS2021_01428,0,train
BraTS2021_01435,0,train
BraTS2021_01436,0,train
BraTS2021_01437,0,train
BraTS2021_01439,0,train
BraTS2021_01442,0,train
BraTS2021_01446,0,train
BraTS2021_01447,0,train
BraTS2021_01448,0,train
BraTS2021_01457,0,train
BraTS2021_01462,0,train
BraTS2021_01468,0,train
BraTS2021_01470,0,train
BraTS2021_01475,0,train
BraTS2021_01477,0,train
BraTS2021_01479,0,train
BraTS2021_01480,0,train
BraTS2021_01482,0,train
BraTS2021_01489,0,train
BraTS2021_01490,0,train
BraTS2021_01495,0,train
BraTS2021_01498,0,train
BraTS2021_01499,0,train
BraTS2021_01500,0,train
BraTS2021_01502,0,train
BraTS2021_01506,0,train
BraTS2021_01508,0,train
BraTS2021_01525,0,train
BraTS2021_01526,0,train
BraTS2021_01528,0,train
BraTS2021_01530,0,train
BraTS2021_01539,0,train
BraTS2021_01540,0,train
BraTS2021_01543,0,train
BraTS2021_01564,0,train
BraTS2021_01567,0,train
BraTS2021_01569,0,train
BraTS2021_01584,0,train
BraTS2021_01587,0,train
BraTS2021_01589,0,train
BraTS2021_01593,0,train
BraTS2021_01594,0,train
BraTS2021_01598,0,train
BraTS2021_01600,0,train
BraTS2021_01602,0,train
BraTS2021_01606,0,train
BraTS2021_01612,0,train
BraTS2021_01617,0,train
BraTS2021_01620,0,train
BraTS2021_01625,0,train
BraTS2021_01629,0,train
BraTS2021_01630,0,train
BraTS2021_01631,0,train
BraTS2021_01632,0,train
BraTS2021_01651,0,train
BraTS2021_01659,0,train
BraTS2021_01662,0,train
BraTS2021_01664,0,train
BraTS2021_01666,0,train
BraTS2021_00000,0,test
BraTS2021_00011,0,test
BraTS2021_00017,0,test
BraTS2021_00030,0,test
BraTS2021_00058,0,test
BraTS2021_00095,0,test
BraTS2021_00111,0,test
BraTS2021_00128,0,test
BraTS2021_00137,0,test
BraTS2021_00177,0,test
BraTS2021_00184,0,test
BraTS2021_00187,0,test
BraTS2021_00188,0,test
BraTS2021_00216,0,test
BraTS2021_00220,0,test
BraTS2021_00221,0,test
BraTS2021_00261,0,test
BraTS2021_00305,0,test
BraTS2021_00306,0,test
BraTS2021_00313,0,test
BraTS2021_00324,0,test
BraTS2021_00325,0,test
BraTS2021_00334,0,test
BraTS2021_00367,0,test
BraTS2021_00392,0,test
BraTS2021_00399,0,test
BraTS2021_00440,0,test
BraTS2021_00481,0,test
BraTS2021_00491,0,test
BraTS2021_00512,0,test
BraTS2021_00529,0,test
BraTS2021_00556,0,test
BraTS2021_00567,0,test
BraTS2021_00606,0,test
BraTS2021_00628,0,test
BraTS2021_00667,0,test
BraTS2021_00688,0,test
BraTS2021_00693,0,test
BraTS2021_00703,0,test
BraTS2021_00729,0,test
BraTS2021_00792,0,test
BraTS2021_00834,0,test
BraTS2021_01009,0,test
BraTS2021_01019,0,test
BraTS2021_01045,0,test
BraTS2021_01051,0,test
BraTS2021_01092,0,test
BraTS2021_01095,0,test
BraTS2021_01115,0,test
BraTS2021_01118,0,test
BraTS2021_01159,0,test
BraTS2021_01170,0,test
BraTS2021_01184,0,test
BraTS2021_01188,0,test
BraTS2021_01208,0,test
BraTS2021_01218,0,test
BraTS2021_01265,0,test
BraTS2021_01296,0,test
BraTS2021_01319,0,test
BraTS2021_01344,0,test
BraTS2021_01372,0,test
BraTS2021_01375,0,test
BraTS2021_01382,0,test
BraTS2021_01392,0,test
BraTS2021_01404,0,test
BraTS2021_01445,0,test
BraTS2021_01452,0,test
BraTS2021_01478,0,test
BraTS2021_01510,0,test
BraTS2021_01513,0,test
BraTS2021_01556,0,test
BraTS2021_01571,0,test
BraTS2021_01582,0,test
BraTS2021_01619,0,test
BraTS2021_01660,0,test
BraTS2021_00000,1,train
BraTS2021_00002,1,train
BraTS2021_00003,1,train
BraTS2021_00011,1,train
BraTS2021_00016,1,train
BraTS2021_00017,1,train
BraTS2021_00028,1,train
BraTS2021_00030,1,train
BraTS2021_00045,1,train
BraTS2021_00046,1,train
BraTS2021_00053,1,train
BraTS2021_00054,1,train
BraTS2021_00058,1,train
BraTS2021_00085,1,train
BraTS2021_00094,1,train
BraTS2021_00095,1,train
BraTS2021_00100,1,train
BraTS2021_00111,1,train
BraTS2021_00112,1,train
BraTS2021_00115,1,train
BraTS2021_00117,1,train
BraTS2021_00118,1,train
BraTS2021_00128,1,train
BraTS2021_00136,1,train
BraTS2021_00137,1,train
BraTS2021_00139,1,train
BraTS2021_00151,1,train
BraTS2021_00158,1,train
BraTS2021_00170,1,train
BraTS2021_00177,1,train
BraTS2021_00178,1,train
BraTS2021_00183,1,train
BraTS2021_00184,1,train
BraTS2021_00185,1,train
BraTS2021_00186,1,train
BraTS2021_00187,1,train
BraTS2021_00188,1,train
BraTS2021_00191,1,train
BraTS2021_00192,1,train
BraTS2021_00201,1,train
BraTS2021_00203,1,train
BraTS2021_00207,1,train
BraTS2021_00209,1,train
BraTS2021_00212,1,train
BraTS2021_00214,1,train
BraTS2021_00216,1,train
BraTS2021_00220,1,train
BraTS2021_00221,1,train
BraTS2021_00222,1,train
BraTS2021_00253,1,train
BraTS2021_00254,1,train
BraTS2021_00261,1,train
BraTS2021_00262,1,train
BraTS2021_00263,1,train
BraTS2021_00280,1,train
BraTS2021_00282,1,train
BraTS2021_00283,1,train
BraTS2021_00289,1,train
BraTS2021_00300,1,train
BraTS2021_00305,1,train
BraTS2021_00306,1,train
BraTS2021_00310,1,train
BraTS2021_00313,1,train
BraTS2021_00324,1,train
BraTS2021_00325,1,train
BraTS2021_00331,1,train
BraTS2021_00334,1,train
BraTS2021_00339,1,train
BraTS2021_00343,1,train
BraTS2021_00348,1,train
BraTS2021_00350,1,train
BraTS2021_00352,1,train
BraTS2021_00353,1,train
BraTS2021_00367,1,train
BraTS2021_00373,1,train
BraTS2021_00387,1,train
BraTS2021_00392,1,train
BraTS2021_00399,1,train
BraTS2021_00407,1,train
BraTS2021_00418,1,train
BraTS2021_00430,1,train
BraTS2021_00431,1,train
BraTS2021_00432,1,train
BraTS2021_00433,1,train
BraTS2021_00440,1,train
BraTS2021_00443,1,train
BraTS2021_00464,1,train
BraTS2021_00468,1,train
BraTS2021_00472,1,train
BraTS2021_00481,1,train
BraTS2021_00491,1,train
BraTS2021_00506,1,train
BraTS2021_00512,1,train
BraTS2021_00518,1,train
BraTS2021_00526,1,train
BraTS2021_00529,1,train
BraTS2021_00532,1,train
BraTS2021_00544,1,train
BraTS2021_00545,1,train
BraTS2021_00555,1,train
BraTS2021_00556,1,train
BraTS2021_00565,1,train
BraTS2021_00567,1,train
BraTS2021_00578,1,train
BraTS2021_00593,1,train
BraTS2021_00594,1,train
BraTS2021_00596,1,train
BraTS2021_00604,1,train
BraTS2021_00606,1,train
BraTS2021_00608,1,train
BraTS2021_00612,1,train
BraTS2021_00613,1,train
BraTS2021_00624,1,train
BraTS2021_00628,1,train
BraTS2021_00630,1,train
BraTS2021_00652,1,train
BraTS2021_00655,1,train
BraTS2021_00659,1,train
BraTS2021_00667,1,train
BraTS2021_00675,1,train
BraTS2021_00680,1,train
BraTS2021_00683,1,train
BraTS2021_00687,1,train
BraTS2021_00688,1,train
BraTS2021_00693,1,train
BraTS2021_00698,1,train
BraTS2021_00703,1,train
BraTS2021_00708,1,train
BraTS2021_00729,1,train
BraTS2021_00734,1,train
BraTS2021_00759,1,train
BraTS2021_00772,1,train
BraTS2021_00778,1,train
BraTS2021_00782,1,train
BraTS2021_00791,1,train
BraTS2021_00792,1,train
BraTS2021_00796,1,train
BraTS2021_00802,1,train
BraTS2021_00823,1,train
BraTS2021_00834,1,train
BraTS2021_00839,1,train
BraTS2021_01009,1,train
BraTS2021_01012,1,train
BraTS2021_01014,1,train
BraTS2021_01015,1,train
BraTS2021_01019,1,train
BraTS2021_01022,1,train
BraTS2021_01024,1,train
BraTS2021_01026,1,train
BraTS2021_01028,1,train
BraTS2021_01034,1,train
BraTS2021_01035,1,train
BraTS2021_01041,1,train
BraTS2021_01042,1,train
BraTS2021_01043,1,train
BraTS2021_01045,1,train
BraTS2021_01051,1,train
BraTS2021_01052,1,train
BraTS2021_01062,1,train
BraTS2021_01063,1,train
BraTS2021_01071,1,train
BraTS2021_01075,1,train
BraTS2021_01082,1,train
BraTS2021_01084,1,train
BraTS2021_01089,1,train
BraTS2021_01090,1,train
BraTS2021_01092,1,train
BraTS2021_01095,1,train
BraTS2021_01098,1,train
BraTS2021_01099,1,train
BraTS2021_01100,1,train
BraTS2021_01101,1,train
BraTS2021_01102,1,train
BraTS2021_01107,1,train
BraTS2021_01108,1,train
BraTS2021_01110,1,train
BraTS2021_01115,1,train
BraTS2021_01118,1,train
BraTS2021_01130,1,train
BraTS2021_01133,1,train
BraTS2021_01145,1,train
BraTS2021_01147,1,train
BraTS2021_01152,1,train
BraTS2021_01153,1,train
BraTS2021_01154,1,train
BraTS2021_01159,1,train
BraTS2021_01163,1,train
BraTS2021_01170,1,train
BraTS2021_01173,1,train
BraTS2021_01174,1,train
BraTS2021_01184,1,train
BraTS2021_01188,1,train
BraTS2021_01190,1,train
BraTS2021_01192,1,train
BraTS2021_01198,1,train
BraTS2021_01206,1,train
BraTS2021_01207,1,train
BraTS2021_01208,1,train
BraTS2021_01210,1,train
BraTS2021_01216,1,train
BraTS2021_01218,1,train
BraTS2021_01220,1,train
BraTS2021_01227,1,train
BraTS2021_01229,1,train
BraTS2021_01230,1,train
BraTS2021_01241,1,train
BraTS2021_01243,1,train
BraTS2021_01257,1,train
BraTS2021_01258,1,train
BraTS2021_01265,1,train
BraTS2021_01273,1,train
BraTS2021_01275,1,train
BraTS2021_01276,1,train
BraTS2021_01296,1,train
BraTS2021_01297,1,train
BraTS2021_01307,1,train
BraTS2021_01312,1,train
BraTS2021_01317,1,train
BraTS2021_01319,1,train
BraTS2021_01327,1,train
BraTS2021_01336,1,train
BraTS2021_01343,1,train
BraTS2021_01344,1,train
BraTS2021_01347,1,train
BraTS2021_01350,1,train
BraTS2021_01362,1,train
BraTS2021_01366,1,train
BraTS2021_01372,1,train
BraTS2021_01374,1,train
BraTS2021_01375,1,train
BraTS2021_01381,1,train
BraTS2021_01382,1,train
BraTS2021_01387,1,train
BraTS2021_01391,1,train
BraTS2021_01392,1,train
BraTS2021_01396,1,train
BraTS2021_01397,1,train
BraTS2021_01404,1,train
BraTS2021_01406,1,train
BraTS2021_01409,1,train
BraTS2021_01413,1,train
BraTS2021_01415,1,train
BraTS2021_01421,1,train
BraTS2021_01422,1,train
BraTS2021_01428,1,train
BraTS2021_01436,1,train
BraTS2021_01437,1,train
BraTS2021_01442,1,train
BraTS2021_01445,1,train
BraTS2021_01446,1,train
BraTS2021_01447,1,train
BraTS2021_01448,1,train
BraTS2021_01452,1,train
BraTS2021_01457,1,train
BraTS2021_01462,1,train
BraTS2021_01468,1,train
BraTS2021_01470,1,train
BraTS2021_01475,1,train
BraTS2021_01477,1,train
BraTS2021_01478,1,train
BraTS2021_01482,1,train
BraTS2021_01490,1,train
BraTS2021_01495,1,train
BraTS2021_01498,1,train
BraTS2021_01500,1,train
BraTS2021_01506,1,train
BraTS2021_01508,1,train
BraTS2021_01510,1,train
BraTS2021_01513,1,train
BraTS2021_01525,1,train
BraTS2021_01526,1,train
BraTS2021_01528,1,train
BraTS2021_01530,1,train
BraTS2021_01539,1,train
BraTS2021_01540,1,train
BraTS2021_01543,1,train
BraTS2021_01556,1,train
BraTS2021_01564,1,train
BraTS2021_01569,1,train
BraTS2021_01571,1,train
BraTS2021_01582,1,train
BraTS2021_01587,1,train
BraTS2021_01589,1,train
BraTS2021_01593,1,train
BraTS2021_01594,1,train
BraTS2021_01598,1,train
BraTS2021_01600,1,train
BraTS2021_01606,1,train
BraTS2021_01612,1,train
BraTS2021_01617,1,train
BraTS2021_01619,1,train
BraTS2021_01625,1,train
BraTS2021_01629,1,train
BraTS2021_01631,1,train
BraTS2021_01632,1,train
BraTS2021_01651,1,train
BraTS2021_01660,1,train
BraTS2021_01662,1,train
BraTS2021_01664,1,train
BraTS2021_01666,1,train
BraTS2021_00018,1,test
BraTS2021_00020,1,test
BraTS2021_00035,1,test
BraTS2021_00063,1,test
BraTS2021_00066,1,test
BraTS2021_00070,1,test
BraTS2021_00077,1,test
BraTS2021_00103,1,test
BraTS2021_00132,1,test
BraTS2021_00152,1,test
BraTS2021_00241,1,test
BraTS2021_00243,1,test
BraTS2021_00266,1,test
BraTS2021_00312,1,test
BraTS2021_00327,1,test
BraTS2021_00332,1,test
BraTS2021_00341,1,test
BraTS2021_00454,1,test
BraTS2021_00457,1,test
BraTS2021_00495,1,test
BraTS2021_00499,1,test
BraTS2021_00510,1,test
BraTS2021_00524,1,test
BraTS2021_00528,1,test
BraTS2021_00640,1,test
BraTS2021_00642,1,test
BraTS2021_00646,1,test
BraTS2021_00676,1,test
BraTS2021_00679,1,test
BraTS2021_00731,1,test
BraTS2021_00780,1,test
BraTS2021_00789,1,test
BraTS2021_00793,1,test
BraTS2021_00838,1,test
BraTS2021_01000,1,test
BraTS2021_01001,1,test
BraTS2021_01023,1,test
BraTS2021_01046,1,test
BraTS2021_01047,1,test
BraTS2021_01050,1,test
BraTS2021_01078,1,test
BraTS2021_01079,1,test
BraTS2021_01113,1,test
BraTS2021_01135,1,test
BraTS2021_01144,1,test
BraTS2021_01150,1,test
BraTS2021_01156,1,test
BraTS2021_01183,1,test
BraTS2021_01193,1,test
BraTS2021_01200,1,test
BraTS2021_01239,1,test
BraTS2021_01251,1,test
BraTS2021_01281,1,test
BraTS2021_01303,1,test
BraTS2021_01313,1,test
BraTS2021_01314,1,test
BraTS2021_01320,1,test
BraTS2021_01334,1,test
BraTS2021_01363,1,test
BraTS2021_01370,1,test
BraTS2021_01419,1,test
BraTS2021_01426,1,test
BraTS2021_01435,1,test
BraTS2021_01439,1,test
BraTS2021_01479,1,test
BraTS2021_01480,1,test
BraTS2021_01489,1,test
BraTS2021_01499,1,test
BraTS2021_01502,1,test
BraTS2021_01567,1,test
BraTS2021_01584,1,test
BraTS2021_01602,1,test
BraTS2021_01620,1,test
BraTS2021_01630,1,test
BraTS2021_01659,1,test
BraTS2021_00000,2,train
BraTS2021_00002,2,train
BraTS2021_00011,2,train
BraTS2021_00016,2,train
BraTS2021_00017,2,train
BraTS2021_00018,2,train
BraTS2021_00020,2,train
BraTS2021_00028,2,train
BraTS2021_00030,2,train
BraTS2021_00035,2,train
BraTS2021_00046,2,train
BraTS2021_00053,2,train
BraTS2021_00054,2,train
BraTS2021_00058,2,train
BraTS2021_00063,2,train
BraTS2021_00066,2,train
BraTS2021_00070,2,train
BraTS2021_00077,2,train
BraTS2021_00085,2,train
BraTS2021_00094,2,train
BraTS2021_00095,2,train
BraTS2021_00103,2,train
BraTS2021_00111,2,train
BraTS2021_00115,2,train
BraTS2021_00117,2,train
BraTS2021_00128,2,train
BraTS2021_00132,2,train
BraTS2021_00136,2,train
BraTS2021_00137,2,train
BraTS2021_00139,2,train
BraTS2021_00151,2,train
BraTS2021_00152,2,train
BraTS2021_00177,2,train
BraTS2021_00178,2,train
BraTS2021_00183,2,train
BraTS2021_00184,2,train
BraTS2021_00185,2,train
BraTS2021_00186,2,train
BraTS2021_00187,2,train
BraTS2021_00188,2,train
BraTS2021_00191,2,train
BraTS2021_00192,2,train
BraTS2021_00201,2,train
BraTS2021_00203,2,train
BraTS2021_00207,2,train
BraTS2021_00209,2,train
BraTS2021_00212,2,train
BraTS2021_00214,2,train
BraTS2021_00216,2,train
BraTS2021_00220,2,train
BraTS2021_00221,2,train
BraTS2021_00222,2,train
BraTS2021_00241,2,train
BraTS2021_00243,2,train
BraTS2021_00253,2,train
BraTS2021_00254,2,train
BraTS2021_00261,2,train
BraTS2021_00262,2,train
BraTS2021_00263,2,train
BraTS2021_00266,2,train
BraTS2021_00289,2,train
BraTS2021_00300,2,train
BraTS2021_00305,2,train
BraTS2021_00306,2,train
BraTS2021_00312,2,train
BraTS2021_00313,2,train
BraTS2021_00324,2,train
BraTS2021_00325,2,train
BraTS2021_00327,2,train
BraTS2021_00331,2,train
BraTS2021_00332,2,train
BraTS2021_00334,2,train
BraTS2021_00341,2,train
BraTS2021_00343,2,train
BraTS2021_00350,2,train
BraTS2021_00352,2,train
BraTS2021_00353,2,train
BraTS2021_00367,2,train
BraTS2021_00373,2,train
BraTS2021_00392,2,train
BraTS2021_00399,2,train
BraTS2021_00407,2,train
BraTS2021_00431,2,train
BraTS2021_00432,2,train
BraTS2021_00433,2,train
BraTS2021_00440,2,train
BraTS2021_00443,2,train
BraTS2021_00454,2,train
BraTS2021_00457,2,train
BraTS2021_00464,2,train
BraTS2021_00468,2,train
BraTS2021_00481,2,train
BraTS2021_00491,2,train
BraTS2021_00495,2,train
BraTS2021_00499,2,train
BraTS2021_00510,2,train
BraTS2021_00512,2,train
BraTS2021_00524,2,train
BraTS2021_00528,2,train
BraTS2021_00529,2,train
BraTS2021_00544,2,train
BraTS2021_00555,2,train
BraTS2021_00556,2,train
BraTS2021_00567,2,train
BraTS2021_00593,2,train
BraTS2021_00596,2,train
BraTS2021_00604,2,train
BraTS2021_00606,2,train
BraTS2021_00612,2,train
BraTS2021_00613,2,train
BraTS2021_00628,2,train
BraTS2021_00630,2,train
BraTS2021_00640,2,train
BraTS2021_00642,2,train
BraTS2021_00646,2,train
BraTS2021_00652,2,train
BraTS2021_00667,2,train
BraTS2021_00676,2,train
BraTS2021_00679,2,train
BraTS2021_00680,2,train
BraTS2021_00683,2,train
BraTS2021_00687,2,train
BraTS2021_00688,2,train
BraTS2021_00693,2,train
BraTS2021_00703,2,train
BraTS2021_00708,2,train
BraTS2021_00729,2,train
BraTS2021_00731,2,train
BraTS2021_00734,2,train
BraTS2021_00759,2,train
BraTS2021_00772,2,train
BraTS2021_00778,2,train
BraTS2021_00780,2,train
BraTS2021_00789,2,train
BraTS2021_00791,2,train
BraTS2021_00792,2,train
BraTS2021_00793,2,train
BraTS2021_00796,2,train
BraTS2021_00802,2,train
BraTS2021_00823,2,train
BraTS2021_00834,2,train
BraTS2021_00838,2,train
BraTS2021_00839,2,train
BraTS2021_01000,2,train
BraTS2021_01001,2,train
BraTS2021_01009,2,train
BraTS2021_01012,2,train
BraTS2021_01019,2,train
BraTS2021_01023,2,train
BraTS2021_01028,2,train
BraTS2021_01034,2,train
BraTS2021_01035,2,train
BraTS2021_01041,2,train
BraTS2021_01042,2,train
BraTS2021_01043,2,train
BraTS2021_01045,2,train
BraTS2021_01046,2,train
BraTS2021_01047,2,train
BraTS2021_01050,2,train
BraTS2021_01051,2,train
BraTS2021_01071,2,train
BraTS2021_01075,2,train
BraTS2021_01078,2,train
BraTS2021_01079,2,train
BraTS2021_01082,2,train
BraTS2021_01084,2,train
BraTS2021_01089,2,train
BraTS2021_01090,2,train
BraTS2021_01092,2,train
BraTS2021_01095,2,train
BraTS2021_01100,2,train
BraTS2021_01101,2,train
BraTS2021_01102,2,train
BraTS2021_01107,2,train
BraTS2021_01108,2,train
BraTS2021_01110,2,train
BraTS2021_01113,2,train
BraTS2021_01115,2,train
BraTS2021_01118,2,train
BraTS2021_01130,2,train
BraTS2021_01135,2,train
BraTS2021_01144,2,train
BraTS2021_01147,2,train
BraTS2021_01150,2,train
BraTS2021_01152,2,train
BraTS2021_01154,2,train
BraTS2021_01156,2,train
BraTS2021_01159,2,train
BraTS2021_01170,2,train
BraTS2021_01173,2,train
BraTS2021_01174,2,train
BraTS2021_01183,2,train
BraTS2021_01184,2,train
BraTS2021_01188,2,train
BraTS2021_01190,2,train
BraTS2021_01192,2,train
BraTS2021_01193,2,train
BraTS2021_01198,2,train
BraTS2021_01200,2,train
BraTS2021_01208,2,train
BraTS2021_01210,2,train
BraTS2021_01216,2,train
BraTS2021_01218,2,train
BraTS2021_01220,2,train
BraTS2021_01227,2,train
BraTS2021_01230,2,train
BraTS2021_01239,2,train
BraTS2021_01241,2,train
BraTS2021_01243,2,train
BraTS2021_01251,2,train
BraTS2021_01257,2,train
BraTS2021_01258,2,train
BraTS2021_01265,2,train
BraTS2021_01275,2,train
BraTS2021_01276,2,train
BraTS2021_01281,2,train
BraTS2021_01296,2,train
BraTS2021_01297,2,train
BraTS2021_01303,2,train
BraTS2021_01307,2,train
BraTS2021_01312,2,train
BraTS2021_01313,2,train
BraTS2021_01314,2,train
BraTS2021_01317,2,train
BraTS2021_01319,2,train
BraTS2021_01320,2,train
BraTS2021_01327,2,train
BraTS2021_01334,2,train
BraTS2021_01336,2,train
BraTS2021_01343,2,train
BraTS2021_01344,2,train
BraTS2021_01362,2,train
BraTS2021_01363,2,train
BraTS2021_01370,2,train
BraTS2021_01372,2,train
BraTS2021_01374,2,train
BraTS2021_01375,2,train
BraTS2021_01381,2,train
BraTS2021_01382,2,train
BraTS2021_01391,2,train
BraTS2021_01392,2,train
BraTS2021_01396,2,train
BraTS2021_01397,2,train
BraTS2021_01404,2,train
BraTS2021_01415,2,train
BraTS2021_01419,2,train
BraTS2021_01421,2,train
BraTS2021_01422,2,train
BraTS2021_01426,2,train
BraTS2021_01428,2,train
BraTS2021_01435,2,train
BraTS2021_01436,2,train
BraTS2021_01437,2,train
BraTS2021_01439,2,train
BraTS2021_01442,2,train
BraTS2021_01445,2,train
BraTS2021_01446,2,train
BraTS2021_01448,2,train
BraTS2021_01452,2,train
BraTS2021_01457,2,train
BraTS2021_01468,2,train
BraTS2021_01477,2,train
BraTS2021_01478,2,train
BraTS2021_01479,2,train
BraTS2021_01480,2,train
BraTS2021_01489,2,train
BraTS2021_01490,2,train
BraTS2021_01498,2,train
BraTS2021_01499,2,train
BraTS2021_01500,2,train
BraTS2021_01502,2,train
BraTS2021_01506,2,train
BraTS2021_01508,2,train
BraTS2021_01510,2,train
BraTS2021_01513,2,train
BraTS2021_01528,2,train
BraTS2021_01530,2,train
BraTS2021_01539,2,train
BraTS2021_01540,2,train
BraTS2021_01543,2,train
BraTS2021_01556,2,train
BraTS2021_01567,2,train
BraTS2021_01569,2,train
BraTS2021_01571,2,train
BraTS2021_01582,2,train
BraTS2021_01584,2,train
BraTS2021_01587,2,train
BraTS2021_01594,2,train
BraTS2021_01602,2,train
BraTS2021_01606,2,train
BraTS2021_01617,2,train
BraTS2021_01619,2,train
BraTS2021_01620,2,train
BraTS2021_01629,2,train
BraTS2021_01630,2,train
BraTS2021_01632,2,train
BraTS2021_01659,2,train
BraTS2021_01660,2,train
BraTS2021_01662,2,train
BraTS2021_01666,2,train
BraTS2021_00003,2,test
BraTS2021_00045,2,test
BraTS2021_00100,2,test
BraTS2021_00112,2,test
BraTS2021_00118,2,test
BraTS2021_00158,2,test
BraTS2021_00170,2,test
BraTS2021_00280,2,test
BraTS2021_00282,2,test
BraTS2021_00283,2,test
BraTS2021_00310,2,test
BraTS2021_00339,2,test
BraTS2021_00348,2,test
BraTS2021_00387,2,test
BraTS2021_00418,2,test
BraTS2021_00430,2,test
BraTS2021_00472,2,test
BraTS2021_00506,2,test
BraTS2021_00518,2,test
BraTS2021_00526,2,test
BraTS2021_00532,2,test
BraTS2021_00545,2,test
BraTS2021_00565,2,test
BraTS2021_00578,2,test
BraTS2021_00594,2,test
BraTS2021_00608,2,test
BraTS2021_00624,2,test
BraTS2021_00655,2,test
BraTS2021_00659,2,test
BraTS2021_00675,2,test
BraTS2021_00698,2,test
BraTS2021_00782,2,test
BraTS2021_01014,2,test
BraTS2021_01015,2,test
BraTS2021_01022,2,test
BraTS2021_01024,2,test
BraTS2021_01026,2,test
BraTS2021_01052,2,test
BraTS2021_01062,2,test
BraTS2021_01063,2,test
BraTS2021_01098,2,test
BraTS2021_01099,2,test
BraTS2021_01133,2,test
BraTS2021_01145,2,test
BraTS2021_01153,2,test
BraTS2021_01163,2,test
BraTS2021_01206,2,test
BraTS2021_01207,2,test
BraTS2021_01229,2,test
BraTS2021_01273,2,test
BraTS2021_01347,2,test
BraTS2021_01350,2,test
BraTS2021_01366,2,test
BraTS2021_01387,2,test
BraTS2021_01406,2,test
BraTS2021_01409,2,test
BraTS2021_01413,2,test
BraTS2021_01447,2,test
BraTS2021_01462,2,test
BraTS2021_01470,2,test
BraTS2021_01475,2,test
BraTS2021_01482,2,test
BraTS2021_01495,2,test
BraTS2021_01525,2,test
BraTS2021_01526,2,test
BraTS2021_01564,2,test
BraTS2021_01589,2,test
BraTS2021_01593,2,test
BraTS2021_01598,2,test
BraTS2021_01600,2,test
BraTS2021_01612,2,test
BraTS2021_01625,2,test
BraTS2021_01631,2,test
BraTS2021_01651,2,test
BraTS2021_01664,2,test
BraTS2021_00000,3,train
BraTS2021_00002,3,train
BraTS2021_00003,3,train
BraTS2021_00011,3,train
BraTS2021_00017,3,train
BraTS2021_00018,3,train
BraTS2021_00020,3,train
BraTS2021_00030,3,train
BraTS2021_00035,3,train
BraTS2021_00045,3,train
BraTS2021_00053,3,train
BraTS2021_00058,3,train
BraTS2021_00063,3,train
BraTS2021_00066,3,train
BraTS2021_00070,3,train
BraTS2021_00077,3,train
BraTS2021_00085,3,train
BraTS2021_00094,3,train
BraTS2021_00095,3,train
BraTS2021_00100,3,train
BraTS2021_00103,3,train
BraTS2021_00111,3,train
BraTS2021_00112,3,train
BraTS2021_00118,3,train
BraTS2021_00128,3,train
BraTS2021_00132,3,train
BraTS2021_00137,3,train
BraTS2021_00139,3,train
BraTS2021_00152,3,train
BraTS2021_00158,3,train
BraTS2021_00170,3,train
BraTS2021_00177,3,train
BraTS2021_00184,3,train
BraTS2021_00185,3,train
BraTS2021_00187,3,train
BraTS2021_00188,3,train
BraTS2021_00192,3,train
BraTS2021_00201,3,train
BraTS2021_00203,3,train
BraTS2021_00209,3,train
BraTS2021_00212,3,train
BraTS2021_00214,3,train
BraTS2021_00216,3,train
BraTS2021_00220,3,train
BraTS2021_00221,3,train
BraTS2021_00222,3,train
BraTS2021_00241,3,train
BraTS2021_00243,3,train
BraTS2021_00261,3,train
BraTS2021_00266,3,train
BraTS2021_00280,3,train
BraTS2021_00282,3,train
BraTS2021_00283,3,train
BraTS2021_00300,3,train
BraTS2021_00305,3,train
BraTS2021_00306,3,train
BraTS2021_00310,3,train
BraTS2021_00312,3,train
BraTS2021_00313,3,train
BraTS2021_00324,3,train
BraTS2021_00325,3,train
BraTS2021_00327,3,train
BraTS2021_00331,3,train
BraTS2021_00332,3,train
BraTS2021_00334,3,train
BraTS2021_00339,3,train
BraTS2021_00341,3,train
BraTS2021_00348,3,train
BraTS2021_00350,3,train
BraTS2021_00352,3,train
BraTS2021_00367,3,train
BraTS2021_00373,3,train
BraTS2021_00387,3,train
BraTS2021_00392,3,train
BraTS2021_00399,3,train
BraTS2021_00418,3,train
BraTS2021_00430,3,train
BraTS2021_00432,3,train
BraTS2021_00440,3,train
BraTS2021_00443,3,train
BraTS2021_00454,3,train
BraTS2021_00457,3,train
BraTS2021_00464,3,train
BraTS2021_00468,3,train
BraTS2021_00472,3,train
BraTS2021_00481,3,train
BraTS2021_00491,3,train
BraTS2021_00495,3,train
BraTS2021_00499,3,train
BraTS2021_00506,3,train
BraTS2021_00510,3,train
BraTS2021_00512,3,train
BraTS2021_00518,3,train
BraTS2021_00524,3,train
BraTS2021_00526,3,train
BraTS2021_00528,3,train
BraTS2021_00529,3,train
BraTS2021_00532,3,train
BraTS2021_00544,3,train
BraTS2021_00545,3,train
BraTS2021_00556,3,train
BraTS2021_00565,3,train
BraTS2021_00567,3,train
BraTS2021_00578,3,train
BraTS2021_00594,3,train
BraTS2021_00596,3,train
BraTS2021_00606,3,train
BraTS2021_00608,3,train
BraTS2021_00612,3,train
BraTS2021_00624,3,train
BraTS2021_00628,3,train
BraTS2021_00640,3,train
BraTS2021_00642,3,train
BraTS2021_00646,3,train
BraTS2021_00655,3,train
BraTS2021_00659,3,train
BraTS2021_00667,3,train
BraTS2021_00675,3,train
BraTS2021_00676,3,train
BraTS2021_00679,3,train
BraTS2021_00680,3,train
BraTS2021_00687,3,train
BraTS2021_00688,3,train
BraTS2021_00693,3,train
BraTS2021_00698,3,train
BraTS2021_00703,3,train
BraTS2021_00729,3,train
BraTS2021_00731,3,train
BraTS2021_00759,3,train
BraTS2021_00772,3,train
BraTS2021_00780,3,train
BraTS2021_00782,3,train
BraTS2021_00789,3,train
BraTS2021_00791,3,train
BraTS2021_00792,3,train
BraTS2021_00793,3,train
BraTS2021_00796,3,train
BraTS2021_00834,3,train
BraTS2021_00838,3,train
BraTS2021_00839,3,train
BraTS2021_01000,3,train
BraTS2021_01001,3,train
BraTS2021_01009,3,train
BraTS2021_01014,3,train
BraTS2021_01015,3,train
BraTS2021_01019,3,train
BraTS2021_01022,3,train
BraTS2021_01023,3,train
BraTS2021_01024,3,train
BraTS2021_01026,3,train
BraTS2021_01034,3,train
BraTS2021_01035,3,train
BraTS2021_01041,3,train
BraTS2021_01042,3,train
BraTS2021_01043,3,train
BraTS2021_01045,3,train
BraTS2021_01046,3,train
BraTS2021_01047,3,train
BraTS2021_01050,3,train
BraTS2021_01051,3,train
BraTS2021_01052,3,train
BraTS2021_01062,3,train
BraTS2021_01063,3,train
BraTS2021_01075,3,train
BraTS2021_01078,3,train
BraTS2021_01079,3,train
BraTS2021_01084,3,train
BraTS2021_01092,3,train
BraTS2021_01095,3,train
BraTS2021_01098,3,train
BraTS2021_01099,3,train
BraTS2021_01102,3,train
BraTS2021_01110,3,train
BraTS2021_01113,3,train
BraTS2021_01115,3,train
BraTS2021_01118,3,train
BraTS2021_01133,3,train
BraTS2021_01135,3,train
BraTS2021_01144,3,train
BraTS2021_01145,3,train
BraTS2021_01150,3,train
BraTS2021_01153,3,train
BraTS2021_01156,3,train
BraTS2021_01159,3,train
BraTS2021_01163,3,train
BraTS2021_01170,3,train
BraTS2021_01173,3,train
BraTS2021_01183,3,train
BraTS2021_01184,3,train
BraTS2021_01188,3,train
BraTS2021_01192,3,train
BraTS2021_01193,3,train
BraTS2021_01198,3,train
BraTS2021_01200,3,train
BraTS2021_01206,3,train
BraTS2021_01207,3,train
BraTS2021_01208,3,train
BraTS2021_01218,3,train
BraTS2021_01220,3,train
BraTS2021_01227,3,train
BraTS2021_01229,3,train
BraTS2021_01239,3,train
BraTS2021_01243,3,train
BraTS2021_01251,3,train
BraTS2021_01257,3,train
BraTS2021_01265,3,train
BraTS2021_01273,3,train
BraTS2021_01275,3,train
BraTS2021_01276,3,train
BraTS2021_01281,3,train
BraTS2021_01296,3,train
BraTS2021_01303,3,train
BraTS2021_01307,3,train
BraTS2021_01312,3,train
BraTS2021_01313,3,train
BraTS2021_01314,3,train
BraTS2021_01317,3,train
BraTS2021_01319,3,train
BraTS2021_01320,3,train
BraTS2021_01327,3,train
BraTS2021_01334,3,train
BraTS2021_01344,3,train
BraTS2021_01347,3,train
BraTS2021_01350,3,train
BraTS2021_01363,3,train
BraTS2021_01366,3,train
BraTS2021_01370,3,train
BraTS2021_01372,3,train
BraTS2021_01375,3,train
BraTS2021_01382,3,train
BraTS2021_01387,3,train
BraTS2021_01391,3,train
BraTS2021_01392,3,train
BraTS2021_01404,3,train
BraTS2021_01406,3,train
BraTS2021_01409,3,train
BraTS2021_01413,3,train
BraTS2021_01419,3,train
BraTS2021_01421,3,train
BraTS2021_01426,3,train
BraTS2021_01428,3,train
BraTS2021_01435,3,train
BraTS2021_01436,3,train
BraTS2021_01437,3,train
BraTS2021_01439,3,train
BraTS2021_01445,3,train
BraTS2021_01446,3,train
BraTS2021_01447,3,train
BraTS2021_01448,3,train
BraTS2021_01452,3,train
BraTS2021_01462,3,train
BraTS2021_01468,3,train
BraTS2021_01470,3,train
BraTS2021_01475,3,train
BraTS2021_01478,3,train
BraTS2021_01479,3,train
BraTS2021_01480,3,train
BraTS2021_01482,3,train
BraTS2021_01489,3,train
BraTS2021_01490,3,train
BraTS2021_01495,3,train
BraTS2021_01498,3,train
BraTS2021_01499,3,train
BraTS2021_01502,3,train
BraTS2021_01510,3,train
BraTS2021_01513,3,train
BraTS2021_01525,3,train
BraTS2021_01526,3,train
BraTS2021_01528,3,train
BraTS2021_01530,3,train
BraTS2021_01540,3,train
BraTS2021_01543,3,train
BraTS2021_01556,3,train
BraTS2021_01564,3,train
BraTS2021_01567,3,train
BraTS2021_01569,3,train
BraTS2021_01571,3,train
BraTS2021_01582,3,train
BraTS2021_01584,3,train
BraTS2021_01589,3,train
BraTS2021_01593,3,train
BraTS2021_01598,3,train
BraTS2021_01600,3,train
BraTS2021_01602,3,train
BraTS2021_01606,3,train
BraTS2021_01612,3,train
BraTS2021_01617,3,train
BraTS2021_01619,3,train
BraTS2021_01620,3,train
BraTS2021_01625,3,train
BraTS2021_01629,3,train
BraTS2021_01630,3,train
BraTS2021_01631,3,train
BraTS2021_01632,3,train
BraTS2021_01651,3,train
BraTS2021_01659,3,train
BraTS2021_01660,3,train
BraTS2021_01662,3,train
BraTS2021_01664,3,train
BraTS2021_01666,3,train
BraTS2021_00016,3,test
BraTS2021_00028,3,test
BraTS2021_00046,3,test
BraTS2021_00054,3,test
BraTS2021_00115,3,test
BraTS2021_00117,3,test
BraTS2021_00136,3,test
BraTS2021_00151,3,test
BraTS2021_00178,3,test
BraTS2021_00183,3,test
BraTS2021_00186,3,test
BraTS2021_00191,3,test
BraTS2021_00207,3,test
BraTS2021_00253,3,test
BraTS2021_00254,3,test
BraTS2021_00262,3,test
BraTS2021_00263,3,test
BraTS2021_00289,3,test
BraTS2021_00343,3,test
BraTS2021_00353,3,test
BraTS2021_00407,3,test
BraTS2021_00431,3,test
BraTS2021_00433,3,test
BraTS2021_00555,3,test
BraTS2021_00593,3,test
BraTS2021_00604,3,test
BraTS2021_00613,3,test
BraTS2021_00630,3,test
BraTS2021_00652,3,test
BraTS2021_00683,3,test
BraTS2021_00708,3,test
BraTS2021_00734,3,test
BraTS2021_00778,3,test
BraTS2021_00802,3,test
BraTS2021_00823,3,test
BraTS2021_01012,3,test
BraTS2021_01028,3,test
BraTS2021_01071,3,test
BraTS2021_01082,3,test
BraTS2021_01089,3,test
BraTS2021_01090,3,test
BraTS2021_01100,3,test
BraTS2021_01101,3,test
BraTS2021_01107,3,test
BraTS2021_01108,3,test
BraTS2021_01130,3,test
BraTS2021_01147,3,test
BraTS2021_01152,3,test
BraTS2021_01154,3,test
BraTS2021_01174,3,test
BraTS2021_01190,3,test
BraTS2021_01210,3,test
BraTS2021_01216,3,test
BraTS2021_01230,3,test
BraTS2021_01241,3,test
BraTS2021_01258,3,test
BraTS2021_01297,3,test
BraTS2021_01336,3,test
BraTS2021_01343,3,test
BraTS2021_01362,3,test
BraTS2021_01374,3,test
BraTS2021_01381,3,test
BraTS2021_01396,3,test
BraTS2021_01397,3,test
BraTS2021_01415,3,test
BraTS2021_01422,3,test
BraTS2021_01442,3,test
BraTS2021_01457,3,test
BraTS2021_01477,3,test
BraTS2021_01500,3,test
BraTS2021_01506,3,test
BraTS2021_01508,3,test
BraTS2021_01539,3,test
BraTS2021_01587,3,test
BraTS2021_01594,3,test
BraTS2021_00000,4,train
BraTS2021_00003,4,train
BraTS2021_00011,4,train
BraTS2021_00016,4,train
BraTS2021_00017,4,train
BraTS2021_00018,4,train
BraTS2021_00020,4,train
BraTS2021_00028,4,train
BraTS2021_00030,4,train
BraTS2021_00035,4,train
BraTS2021_00045,4,train
BraTS2021_00046,4,train
BraTS2021_00054,4,train
BraTS2021_00058,4,train
BraTS2021_00063,4,train
BraTS2021_00066,4,train
BraTS2021_00070,4,train
BraTS2021_00077,4,train
BraTS2021_00095,4,train
BraTS2021_00100,4,train
BraTS2021_00103,4,train
BraTS2021_00111,4,train
BraTS2021_00112,4,train
BraTS2021_00115,4,train
BraTS2021_00117,4,train
BraTS2021_00118,4,train
BraTS2021_00128,4,train
BraTS2021_00132,4,train
BraTS2021_00136,4,train
BraTS2021_00137,4,train
BraTS2021_00151,4,train
BraTS2021_00152,4,train
BraTS2021_00158,4,train
BraTS2021_00170,4,train
BraTS2021_00177,4,train
BraTS2021_00178,4,train
BraTS2021_00183,4,train
BraTS2021_00184,4,train
BraTS2021_00186,4,train
BraTS2021_00187,4,train
BraTS2021_00188,4,train
BraTS2021_00191,4,train
BraTS2021_00207,4,train
BraTS2021_00216,4,train
BraTS2021_00220,4,train
BraTS2021_00221,4,train
BraTS2021_00241,4,train
BraTS2021_00243,4,train
BraTS2021_00253,4,train
BraTS2021_00254,4,train
BraTS2021_00261,4,train
BraTS2021_00262,4,train
BraTS2021_00263,4,train
BraTS2021_00266,4,train
BraTS2021_00280,4,train
BraTS2021_00282,4,train
BraTS2021_00283,4,train
BraTS2021_00289,4,train
BraTS2021_00305,4,train
BraTS2021_00306,4,train
BraTS2021_00310,4,train
BraTS2021_00312,4,train
BraTS2021_00313,4,train
BraTS2021_00324,4,train
BraTS2021_00325,4,train
BraTS2021_00327,4,train
BraTS2021_00332,4,train
BraTS2021_00334,4,train
BraTS2021_00339,4,train
BraTS2021_00341,4,train
BraTS2021_00343,4,train
BraTS2021_00348,4,train
BraTS2021_00353,4,train
BraTS2021_00367,4,train
BraTS2021_00387,4,train
BraTS2021_00392,4,train
BraTS2021_00399,4,train
BraTS2021_00407,4,train
BraTS2021_00418,4,train
BraTS2021_00430,4,train
BraTS2021_00431,4,train
BraTS2021_00433,4,train
BraTS2021_00440,4,train
BraTS2021_00454,4,train
BraTS2021_00457,4,train
BraTS2021_00472,4,train
BraTS2021_00481,4,train
BraTS2021_00491,4,train
BraTS2021_00495,4,train
BraTS2021_00499,4,train
BraTS2021_00506,4,train
BraTS2021_00510,4,train
BraTS2021_00512,4,train
BraTS2021_00518,4,train
BraTS2021_00524,4,train
BraTS2021_00526,4,train
BraTS2021_00528,4,train
BraTS2021_00529,4,train
BraTS2021_00532,4,train
BraTS2021_00545,4,train
BraTS2021_00555,4,train
BraTS2021_00556,4,train
BraTS2021_00565,4,train
BraTS2021_00567,4,train
BraTS2021_00578,4,train
BraTS2021_00593,4,train
BraTS2021_00594,4,train
BraTS2021_00604,4,train
BraTS2021_00606,4,train
BraTS2021_00608,4,train
BraTS2021_00613,4,train
BraTS2021_00624,4,train
BraTS2021_00628,4,train
BraTS2021_00630,4,train
BraTS2021_00640,4,train
BraTS2021_00642,4,train
BraTS2021_00646,4,train
BraTS2021_00652,4,train
BraTS2021_00655,4,train
BraTS2021_00659,4,train
BraTS2021_00667,4,train
BraTS2021_00675,4,train
BraTS2021_00676,4,train
BraTS2021_00679,4,train
BraTS2021_00683,4,train
BraTS2021_00688,4,train
BraTS2021_00693,4,train
BraTS2021_00698,4,train
BraTS2021_00703,4,train
BraTS2021_00708,4,train
BraTS2021_00729,4,train
BraTS2021_00731,4,train
BraTS2021_00734,4,train
BraTS2021_00778,4,train
BraTS2021_00780,4,train
BraTS2021_00782,4,train
BraTS2021_00789,4,train
BraTS2021_00792,4,train
BraTS2021_00793,4,train
BraTS2021_00802,4,train
BraTS2021_00823,4,train
BraTS2021_00834,4,train
BraTS2021_00838,4,train
BraTS2021_01000,4,train
BraTS2021_01001,4,train
BraTS2021_01009,4,train
BraTS2021_01012,4,train
BraTS2021_01014,4,train
BraTS2021_01015,4,train
BraTS2021_01019,4,train
BraTS2021_01022,4,train
BraTS2021_01023,4,train
BraTS2021_01024,4,train
BraTS2021_01026,4,train
BraTS2021_01028,4,train
BraTS2021_01045,4,train
BraTS2021_01046,4,train
BraTS2021_01047,4,train
BraTS2021_01050,4,train
BraTS2021_01051,4,train
BraTS2021_01052,4,train
BraTS2021_01062,4,train
BraTS2021_01063,4,train
BraTS2021_01071,4,train
BraTS2021_01078,4,train
BraTS2021_01079,4,train
BraTS2021_01082,4,train
BraTS2021_01089,4,train
BraTS2021_01090,4,train
BraTS2021_01092,4,train
BraTS2021_01095,4,train
BraTS2021_01098,4,train
BraTS2021_01099,4,train
BraTS2021_01100,4,train
BraTS2021_01101,4,train
BraTS2021_01107,4,train
BraTS2021_01108,4,train
BraTS2021_01113,4,train
BraTS2021_01115,4,train
BraTS2021_01118,4,train
BraTS2021_01130,4,train
BraTS2021_01133,4,train
BraTS2021_01135,4,train
BraTS2021_01144,4,train
BraTS2021_01145,4,train
BraTS2021_01147,4,train
BraTS2021_01150,4,train
BraTS2021_01152,4,train
BraTS2021_01153,4,train
BraTS2021_01154,4,train
BraTS2021_01156,4,train
BraTS2021_01159,4,train
BraTS2021_01163,4,train
BraTS2021_01170,4,train
BraTS2021_01174,4,train
BraTS2021_01183,4,train
BraTS2021_01184,4,train
BraTS2021_01188,4,train
BraTS2021_01190,4,train
BraTS2021_01193,4,train
BraTS2021_01200,4,train
BraTS2021_01206,4,train
BraTS2021_01207,4,train
BraTS2021_01208,4,train
BraTS2021_01210,4,train
BraTS2021_01216,4,train
BraTS2021_01218,4,train
BraTS2021_01229,4,train
BraTS2021_01230,4,train
BraTS2021_01239,4,train
BraTS2021_01241,4,train
BraTS2021_01251,4,train
BraTS2021_01258,4,train
BraTS2021_01265,4,train
BraTS2021_01273,4,train
BraTS2021_01281,4,train
BraTS2021_01296,4,train
BraTS2021_01297,4,train
BraTS2021_01303,4,train
BraTS2021_01313,4,train
BraTS2021_01314,4,train
BraTS2021_01319,4,train
BraTS2021_01320,4,train
BraTS2021_01334,4,train
BraTS2021_01336,4,train
BraTS2021_01343,4,train
BraTS2021_01344,4,train
BraTS2021_01347,4,train
BraTS2021_01350,4,train
BraTS2021_01362,4,train
BraTS2021_01363,4,train
BraTS2021_01366,4,train
BraTS2021_01370,4,train
BraTS2021_01372,4,train
BraTS2021_01374,4,train
BraTS2021_01375,4,train
BraTS2021_01381,4,train
BraTS2021_01382,4,train
BraTS2021_01387,4,train
BraTS2021_01392,4,train
BraTS2021_01396,4,train
BraTS2021_01397,4,train
BraTS2021_01404,4,train
BraTS2021_01406,4,train
BraTS2021_01409,4,train
BraTS2021_01413,4,train
BraTS2021_01415,4,train
BraTS2021_01419,4,train
BraTS2021_01422,4,train
BraTS2021_01426,4,train
BraTS2021_01435,4,train
BraTS2021_01439,4,train
BraTS2021_01442,4,train
BraTS2021_01445,4,train
BraTS2021_01447,4,train
BraTS2021_01452,4,train
BraTS2021_01457,4,train
BraTS2021_01462,4,train
BraTS2021_01470,4,train
BraTS2021_01475,4,train
BraTS2021_01477,4,train
BraTS2021_01478,4,train
BraTS2021_01479,4,train
BraTS2021_01480,4,train
BraTS2021_01482,4,train
BraTS2021_01489,4,train
BraTS2021_01495,4,train
BraTS2021_01499,4,train
BraTS2021_01500,4,train
BraTS2021_01502,4,train
BraTS2021_01506,4,train
BraTS2021_01508,4,train
BraTS2021_01510,4,train
BraTS2021_01513,4,train
BraTS2021_01525,4,train
BraTS2021_01526,4,train
BraTS2021_01539,4,train
BraTS2021_01556,4,train
BraTS2021_01564,4,train
BraTS2021_01567,4,train
BraTS2021_01571,4,train
BraTS2021_01582,4,train
BraTS2021_01584,4,train
BraTS2021_01587,4,train
BraTS2021_01589,4,train
BraTS2021_01593,4,train
BraTS2021_01594,4,train
BraTS2021_01598,4,train
BraTS2021_01600,4,train
BraTS2021_01602,4,train
BraTS2021_01612,4,train
BraTS2021_01619,4,train
BraTS2021_01620,4,train
BraTS2021_01625,4,train
BraTS2021_01630,4,train
BraTS2021_01631,4,train
BraTS2021_01651,4,train
BraTS2021_01659,4,train
BraTS2021_01660,4,train
BraTS2021_01664,4,train
BraTS2021_00002,4,test
BraTS2021_00053,4,test
BraTS2021_00085,4,test
BraTS2021_00094,4,test
BraTS2021_00139,4,test
BraTS2021_00185,4,test
BraTS2021_00192,4,test
BraTS2021_00201,4,test
BraTS2021_00203,4,test
BraTS2021_00209,4,test
BraTS2021_00212,4,test
BraTS2021_00214,4,test
BraTS2021_00222,4,test
BraTS2021_00300,4,test
BraTS2021_00331,4,test
BraTS2021_00350,4,test
BraTS2021_00352,4,test
BraTS2021_00373,4,test
BraTS2021_00432,4,test
BraTS2021_00443,4,test
BraTS2021_00464,4,test
BraTS2021_00468,4,test
BraTS2021_00544,4,test
BraTS2021_00596,4,test
BraTS2021_00612,4,test
BraTS2021_00680,4,test
BraTS2021_00687,4,test
BraTS2021_00759,4,test
BraTS2021_00772,4,test
BraTS2021_00791,4,test
BraTS2021_00796,4,test
BraTS2021_00839,4,test
BraTS2021_01034,4,test
BraTS2021_01035,4,test
BraTS2021_01041,4,test
BraTS2021_01042,4,test
BraTS2021_01043,4,test
BraTS2021_01075,4,test
BraTS2021_01084,4,test
BraTS2021_01102,4,test
BraTS2021_01110,4,test
BraTS2021_01173,4,test
BraTS2021_01192,4,test
BraTS2021_01198,4,test
BraTS2021_01220,4,test
BraTS2021_01227,4,test
BraTS2021_01243,4,test
BraTS2021_01257,4,test
BraTS2021_01275,4,test
BraTS2021_01276,4,test
BraTS2021_01307,4,test
BraTS2021_01312,4,test
BraTS2021_01317,4,test
BraTS2021_01327,4,test
BraTS2021_01391,4,test
BraTS2021_01421,4,test
BraTS2021_01428,4,test
BraTS2021_01436,4,test
BraTS2021_01437,4,test
BraTS2021_01446,4,test
BraTS2021_01448,4,test
BraTS2021_01468,4,test
BraTS2021_01490,4,test
BraTS2021_01498,4,test
BraTS2021_01528,4,test
BraTS2021_01530,4,test
BraTS2021_01540,4,test
BraTS2021_01543,4,test
BraTS2021_01569,4,test
BraTS2021_01606,4,test
BraTS2021_01617,4,test
BraTS2021_01629,4,test
BraTS2021_01632,4,test
BraTS2021_01662,4,test
BraTS2021_01666,4,test
